{
    "Name": "crs-ECS-Components-ECR-Repo-file-processor-with-namespace",
    "Description": "crs-ECS-Components-ECR-Repo-file-processor-with-namespace",
    "VpcId": "VPC_ID",
    "CloudFormationTemplateS3Endpoint": "$S3_URL",
    "TimeoutInMinutes": 30,
    "Tags": [
      {
        "Key":   "Application",
        "Value": "Debt Manager"
      }
    ],
    "Parameters": [
      {
        "Name": "Namespace",
        "Value":  "filesvc"
      },
      {
        "Name": "ECSServiceName",
        "Value":  "flyway-postgres"
      },
      {
        "Name": "AppName",
        "Value":  "Debt Manager"
      },
      {
        "Name": "AppId",
        "Value":  "dm-us-east-1-001"
      },
      {
        "Name": "CostCenter",
        "Value":  "dm-cqa"
      },
      {
        "Name": "Creator",
        "Value":  "TBD"
      },
      {
        "Name": "Owner",
        "Value":  "TBD"
      },
      {
        "Name": "Type",
        "Value":  "CQA"
      }
      
    ]
  }