{
  "Name": "crs-ECS-Components-ECS-ActiveMQ-with-namespace",
  "Description": "crs-ECS-Components-ECS-ActiveMQ-with-namespace",
  "VpcId": "VPC_ID",
  "CloudFormationTemplateS3Endpoint": "$S3_URL",
  "TimeoutInMinutes": 60,
  "Tags": [
    {
      "Key": "Application",
      "Value": "Debt Manager"
    }
  ],
  "Parameters": [
    {
      "Name": "MaxCapacity",
      "Value": "2"
    },
    {
      "Name": "MinCapacity",
      "Value": "2"
    },
    {
      "Name": "ContainerPort",
      "Value": "61616"
    },
    {
      "Name": "JGroupsPort",
      "Value": "7800"
    },
    {
      "Name": "AdminConsolePort",
      "Value": "8161"
    },
    {
      "Name": "ContainerCpu",
      "Value": "2048"
    },
    {
      "Name": "ContainerMemory",
      "Value": "4096"
    },
    {
      "Name": "DBHostName",
      "Value": "db.cqa.debtmanager.crsoftwarecloud.com"
    },
    {
      "Name": "LoadBalancerArn",
      "Value": "arn:aws:elasticloadbalancing:us-east-1:623137734333:loadbalancer/net/dm-private-nlb/d5da5ab19d07576f"
    },
    {
      "Name": "ImageUrl",
      "Value": "623137734333.dkr.ecr.us-east-1.amazonaws.com/dm-activemq-artemis:11.3-arm64"
    },
    {
      "Name": "Namespace",
      "Value": "dm"
    },
    {
      "Name": "AppName",
      "Value": "ActiveMQ"
    },
    {
      "Name": "AppId",
      "Value": "dm-us-east-1-001"
    },
    {
      "Name": "CostCenter",
      "Value": "dm-cqa"
    },
    {
      "Name": "Creator",
      "Value": "TBD"
    },
    {
      "Name": "Owner",
      "Value": "TBD"
    },
    {
      "Name": "Type",
      "Value": "CQA"
    },
    {
      "Name": "VPCName",
      "Value": "dm"
    },
    {
      "Name": "DbName",
      "Value": "/devops/cicd/dm/db/jms/dbname"
    },
    {
      "Name": "DbUser",
      "Value": "/devops/cicd/dm/db/jms/user"
    },
    {
      "Name": "DbPassword",
      "Value": "/devops/cicd/dm/db/jms/password"
    }
  ]
}
