{
  "StackId": "stack-xxxxxxxxxxxxxxxxx",
  "VpcId": "VPC_ID",
  "CloudFormationTemplateS3Endpoint": "s3_url",
  "TemplateParameters": [
    {
      "Key": "Namespace",
      "Value": "dm"
    },
    {
      "Key": "appname",
      "Value": "bpocloud"
    },
    {
      "Key": "taskcpu",
      "Value": "1024"
    },
    {
      "Key": "taskmemory",
      "Value": "2048"
    },
    {
      "Key": "executionrole",
      "Value": "customer_ecs_custom_role"
    },
    {
      "Key": "taskrole",
      "Value": "customer_ecs_custom_role"
    },
    {
      "Key": "efsid",
      "Value": "fs-0fb45effbaa3e3706"
    },
    {
      "Key": "tenantname",
      "Value": "cqa2citizens"
    },
    {
      "Key": "image",
      "Value": "623137734333.dkr.ecr.us-east-1.amazonaws.com/dm-yabo:latest5"
    },
    {
      "Key": "tenantdbhost",
      "Value": "db.cqa.debtmanager.crsoftwarecloud.com"
    },
    {
      "Key": "envname",
      "Value": "cqa"
    },
    {
      "Key": "containermemoryreservation",
      "Value": "512"
    },
    {
      "Key": "sslenable",
      "Value": "true"
    },
    {
      "Key": "sslport",
      "Value": "8443"
    },
    {
      "Key": "sslkeyalias",
      "Value": "tomcat"
    },
    {
      "Key": "tenantdns",
      "Value": "cqa2citizens.cqa.debtmanager.crsoftwarecloud.com"
    },
    {
      "Key": "RoutingPath",
      "Value": "/bpocloud*"
    },
    {
      "Key": "listenerrulenumber",
      "Value": "35"
    }
  ],
  "TimeoutInMinutes": 120
}
