{
  "StackId": "stack-xxxxxxxxxxxxxxxxx",
  "VpcId": "VPC_ID",
  "CloudFormationTemplateS3Endpoint": "s3_url",
  "TemplateParameters": [
    {
      "Key": "MaxCapacity",
      "Value": "2"
    },
    {
      "Key": "MinCapacity",
      "Value": "2"
    },
    {
      "Key": "ContainerPort",
      "Value": "61616"
    },
    {
      "Key": "JGroupsPort",
      "Value": "7800"
    },
    {
      "Key": "AdminConsolePort",
      "Value": "8161"
    },
    {
      "Key": "ContainerCpu",
      "Value": "2048"
    },
    {
      "Key": "ContainerMemory",
      "Value": "4096"
    },
    {
      "Key": "DBHostName",
      "Value": "db.cqa.debtmanager.crsoftwarecloud.com"
    },
    {
      "Key": "LoadBalancerArn",
      "Value": "arn:aws:elasticloadbalancing:us-east-1:623137734333:loadbalancer/net/dm-private-nlb/d5da5ab19d07576f"
    },
    {
      "Key": "ImageUrl",
      "Value": "623137734333.dkr.ecr.us-east-1.amazonaws.com/dm-activemq-artemis:11.3-arm64"
    },
    {
      "Key": "Namespace",
      "Value": "dm"
    },
    {
      "Key": "AppName",
      "Value": "ActiveMQ"
    },
    {
      "Key": "AppId",
      "Value": "dm-us-east-1-001"
    },
    {
      "Key": "CostCenter",
      "Value": "dm-cqa"
    },
    {
      "Key": "Creator",
      "Value": "TBD"
    },
    {
      "Key": "Owner",
      "Value": "TBD"
    },
    {
      "Key": "Type",
      "Value": "CQA"
    },
    {
      "Key": "VPCName",
      "Value": "dm"
    },
    {
      "Key": "DbName",
      "Value": "/devops/cicd/dm/db/jms/dbname"
    },
    {
      "Key": "DbUser",
      "Value": "/devops/cicd/dm/db/jms/user"
    },
    {
      "Key": "DbPassword",
      "Value": "/devops/cicd/dm/db/jms/password"
    }
  ],
  "TimeoutInMinutes": 60
}
