{
  "Name": "crs-ECS-Components-ECS-Fileservice-mftservice-with-namespace",
  "Description": "crs-ECS-Components-ECS-Fileservice-mftservice-with-namespace",
  "VpcId": "VPC_ID",
  "CloudFormationTemplateS3Endpoint": "$S3_URL",
  "TimeoutInMinutes": 120,
  "Tags": [
    {
      "Key": "Application",
      "Value": "Fileservice"
    }
  ],
  "Parameters": [
    {
      "Name": "EnvironmentName",
      "Value": "fileservice-cqa"
    },
    {
      "Name": "InstanceName",
      "Value": "novus"
    },
    {
      "Name": "ALTaskCPU",
      "Value": "1024"
    },
    {
      "Name": "ALTaskMemory",
      "Value": "2048"
    },
    {
      "Name": "MinContainers",
      "Value": "2"
    },
    {
      "Name": "MaxContainers",
      "Value": "10"
    },
    {
      "Name": "AutoScalingTargetValue",
      "Value": "80"
    },
    {
      "Name": "PrivateSubnetOne",
      "Value": "subnet-049fa1905d05f5aff"
    },
    {
      "Name": "PrivateSubnetTwo",
      "Value": "subnet-07f9031ad46dd06b6"
    },
    {
      "Name": "PrivateSubnetThree",
      "Value": "subnet-03e40c0e77a1def61"
    },
    {
      "Name": "FileSystemId",
      "Value": "fs-0fb45effbaa3e3706"
    },
    {
      "Name": "ImageUrl",
      "Value": "623137734333.dkr.ecr.us-east-1.amazonaws.com/filesvc-service:1.0.0-SNAPSHOT"
    },
    {
      "Name": "ExecutionRoleArn",
      "Value": "arn:aws:iam::623137734333:role/customer_ecs_fileservice_execution_role"
    },
    {
      "Name": "TaskRoleArn",
      "Value": "arn:aws:iam::623137734333:role/customer_ecs_fileservice_task_role"
    },
    {
      "Name": "DesiredCount",
      "Value": "2"
    }
  ]
}
