{
  "StackId": "stack-xxxxxxxxxxxxxxxxx",
  "VpcId": "VPC_ID",
  "CloudFormationTemplateS3Endpoint": "s3_url",
  "TemplateParameters": [
    {
      "Key": "MaxCapacity",
      "Value": "4"
    },
    {
      "Key": "MinCapacity",
      "Value": "2"
    },
    {
      "Key": "ContainerSslPort",
      "Value": "8443"
    },
    {
      "Key": "JmxPort",
      "Value": "1099"
    },
    {
      "Key": "ContainerCpu",
      "Value": "4096"
    },
    {
      "Key": "ContainerMemory",
      "Value": "7168"
    },
    {
      "Key": "JavaHeapSize",
      "Value": "6144m"
    },
    {
      "Key": "DBHostName",
      "Value": "db.cqa.debtmanager.crsoftwarecloud.com"
    },
    {
      "Key": "AmqHostName",
      "Value": "amq.cqa.debtmanager.crsoftwarecloud.com"
    },
    {
      "Key": "RoutingPath",
      "Value": "/CRSServicesWeb*"
    },
    {
      "Key": "ImageUrl",
      "Value": "623137734333.dkr.ecr.us-east-1.amazonaws.com/dm-batch-services:DM-R11.3.0.0.0.156-arm64"
    },
    {
      "Key": "Namespace",
      "Value": "dm"
    },
    {
      "Key": "AppName",
      "Value": "Batch"
    },
    {
      "Key": "AppId",
      "Value": "dm-us-east-1-001"
    },
    {
      "Key": "CostCenter",
      "Value": "dm-cqa"
    },
    {
      "Key": "Creator",
      "Value": "TBD"
    },
    {
      "Key": "Owner",
      "Value": "TBD"
    },
    {
      "Key": "Type",
      "Value": "CQA"
    },
    {
      "Key": "VPCName",
      "Value": "dm"
    },
    {
      "Key": "DbName",
      "Value": "/devops/cicd/dm/db/ta/dbname"
    },
    {
      "Key": "DbUser",
      "Value": "/devops/cicd/dm/db/ta/user"
    },
    {
      "Key": "DbPassword",
      "Value": "/devops/cicd/dm/db/ta/password"
    },
    {
      "Key": "TomcatCertPath",
      "Value": "/devops/cicd/dm/tomcat/keystore/path"
    },
    {
      "Key": "TomcatCertPassword",
      "Value": "/devops/cicd/dm/tomcat/keystore/password"
    }
  ],
  "TimeoutInMinutes": 60
}
