{
  "Name": "crs-ECS-Components-ECS-BpoCloud-Gcservices-with-namespace",
  "Description": "crs-ECS-Components-ECS-BpoCloud-Gcservices-with-namespace",
  "VpcId": "VPC_ID",
  "CloudFormationTemplateS3Endpoint": "$S3_URL",
  "TimeoutInMinutes": 120,
  "Tags": [
    {
      "Key": "Application",
      "Value": "BpoCloud"
    }
  ],
  "Parameters": [
    {
      "Name": "Namespace",
      "Value": "dm"
    },
    {
      "Name": "appname",
      "Value": "bpocloud"
    },
    {
      "Name": "taskcpu",
      "Value": "1024"
    },
    {
      "Name": "taskmemory",
      "Value": "2048"
    },
    {
      "Name": "executionrole",
      "Value": "customer_ecs_custom_role"
    },
    {
      "Name": "taskrole",
      "Value": "customer_ecs_custom_role"
    },
    {
      "Name": "efsid",
      "Value": "fs-0fb45effbaa3e3706"
    },
    {
      "Name": "tenantname",
      "Value": "cqa1gcservices"
    },
    {
      "Name": "image",
      "Value": "623137734333.dkr.ecr.us-east-1.amazonaws.com/dm-yabo:latest5"
    },
    {
      "Name": "tenantdbhost",
      "Value": "db.cqa.debtmanager.crsoftwarecloud.com"
    },
    {
      "Name": "envname",
      "Value": "cqa"
    },
    {
      "Name": "containermemoryreservation",
      "Value": "512"
    },
    {
      "Name": "sslenable",
      "Value": "true"
    },
    {
      "Name": "sslport",
      "Value": "8443"
    },
    {
      "Name": "sslkeyalias",
      "Value": "tomcat"
    },
    {
      "Name": "tenantdns",
      "Value": "cqa1gcservices.cqa.debtmanager.crsoftwarecloud.com"
    },
    {
      "Name": "RoutingPath",
      "Value": "/bpocloud*"
    },
    {
      "Name": "listenerrulenumber",
      "Value": "45"
    }

  ]
}
