{
  "StackId": "stack-xxxxxxxxxxxxxxxxx",
  "VpcId": "VPC_ID",
  "CloudFormationTemplateS3Endpoint": "s3_url",
  "TemplateParameters": [
    {
      "Key": "EnvironmentName",
      "Value": "fileservice-cqa"
    },
    {
      "Key": "InstanceName",
      "Value": "novus"
    },
    {
      "Key": "ALTaskCPU",
      "Value": "1024"
    },
    {
      "Key": "ALTaskMemory",
      "Value": "2048"
    },
    {
      "Key": "PrivateSubnetOne",
      "Value": "subnet-049fa1905d05f5aff"
    },
    {
      "Key": "PrivateSubnetTwo",
      "Value": "subnet-07f9031ad46dd06b6"
    },
    {
      "Key": "PrivateSubnetThree",
      "Value": "subnet-03e40c0e77a1def61"
    },
    {
      "Key": "FileSystemId",
      "Value": "fs-0fb45effbaa3e3706"
    },
    {
      "Key": "ImageUrl",
      "Value": "623137734333.dkr.ecr.us-east-1.amazonaws.com/filesvc-flyway-schema:1.0.0-SNAPSHOT"
    },
    {
      "Key": "ExecutionRoleArn",
      "Value": "arn:aws:iam::623137734333:role/customer_ecs_fileservice_execution_role"
    },
    {
      "Key": "TaskRoleArn",
      "Value": "arn:aws:iam::623137734333:role/customer_ecs_fileservice_task_role"
    },
    {
      "Key": "DesiredCount",
      "Value": "0"
    }
  ],
  "TimeoutInMinutes": 1080
}
