{
  "Name": "crs-ECS-Components-ECS-Fileservice-Cluster-with-namespace",
  "Description": "crs-ECS-Components-ECS-Fileservice-Cluster-with-namespace",
  "VpcId": "VPC_ID",
  "CloudFormationTemplateS3Endpoint": "$S3_URL",
  "TimeoutInMinutes": 120,
  "Tags": [
    {
      "Key": "Application",
      "Value": "Fileservice"
    }
  ],
  "Parameters": [
    {
      "Name": "EnvironmentName",
      "Value": "fileservice-cqa"
    },
    {
      "Name": "InstanceName",
      "Value": "novus"
    },
    {
      "Name": "InstanceType",
      "Value": "m5.xlarge"
    },
    {
      "Name": "MinClusterSize",
      "Value": "2"
    },
    {
      "Name": "MaxClusterSize",
      "Value": "5"
    },
    {
      "Name": "ECSAMI",
      "Value": "/dm/ami/ecs-x86"
    },
    {
      "Name": "MetricCPUUtil",
      "Value": "80"
    },
    {
      "Name": "PrivateSubnetOne",
      "Value": "subnet-049fa1905d05f5aff"
    },
    {
      "Name": "PrivateSubnetTwo",
      "Value": "subnet-07f9031ad46dd06b6"
    },
    {
      "Name": "PrivateSubnetThree",
      "Value": "subnet-03e40c0e77a1def61"
    },
    {
      "Name": "InstanceProfile",
      "Value": "customer_ec2_ecs_instance_role"
    },
    {
      "Name": "EFSMount",
      "Value": "/dm/efs/mount"
    }
  ]
}
