{
  "Name": "crs-File-Share-Components-App-EFS-with-namespace",
  "Description": "crs-File-Share-Components-App-EFS-with-namespace",
  "VpcId": "VPC_ID",
  "CloudFormationTemplateS3Endpoint": "$S3_URL",
  "TimeoutInMinutes": 60,
  "Tags": [
    {
      "Key": "Application",
      "Value": "Debt Manager"
    }
  ],
  "Parameters": [
    {
      "Name": "Namespace",
      "Value": "dm"
    },
    {
      "Name": "ThroughputMode",
      "Value": "provisioned"
    },
    {
      "Name": "ThroughputMibps",
      "Value": "20"
    },
    {
      "Name": "AppName",
      "Value": "Debt Manager"
    },
    {
      "Name": "AppId",
      "Value": "dm-us-east-1-001"
    },
    {
      "Name": "CostCenter",
      "Value": "dm-prd"
    },
    {
      "Name": "Creator",
      "Value": "TBD"
    },
    {
      "Name": "Owner",
      "Value": "TBD"
    },
    {
      "Name": "Type",
      "Value": "Production"
    }
  ]
}
