{
  "StackId": "stack-xxxxxxxxxxxxxxxxx",
  "VpcId": "VPC_ID",
  "CloudFormationTemplateS3Endpoint": "s3_url",
  "TemplateParameters": [
    {
      "Key": "EnvironmentName",
      "Value": "fileservice-prd"
    },
    {
      "Key": "InstanceName",
      "Value": "novus"
    },
    {
      "Key": "PrivateSubnetOne",
      "Value": "subnet-0278471dc3570f176"
    },
    {
      "Key": "PrivateSubnetTwo",
      "Value": "subnet-0f3d4321dfe6acd1e"
    },
    {
      "Key": "ActiveDirectoryId",
      "Value": "d-906756ddf8"
    },
    {
      "Key": "FSXStorageCapacity",
      "Value": "100"
    },
    {
      "Key": "FSXThroughputCapacity",
      "Value": "32"
    }
  ],
  "TimeoutInMinutes": 1080
}
