{
  "Name": "crs-File-Share-Components-Fileservice-EFS-FSX-with-namespace",
  "Description": "crs-File-Share-Components-Fileservice-EFS-FSX-with-namespace",
  "VpcId": "VPC_ID",
  "CloudFormationTemplateS3Endpoint": "$S3_URL",
  "TimeoutInMinutes": 120,
  "Tags": [
    {
      "Key": "Application",
      "Value": "Fileservice"
    }
  ],
  "Parameters": [
    {
      "Name": "EnvironmentName",
      "Value": "fileservice-prd"
    },
    {
      "Name": "InstanceName",
      "Value": "novus"
    },
    {
      "Name": "PrivateSubnetOne",
      "Value": "subnet-0278471dc3570f176"
    },
    {
      "Name": "PrivateSubnetTwo",
      "Value": "subnet-0f3d4321dfe6acd1e"
    },
    {
      "Name": "ActiveDirectoryId",
      "Value": "d-906756ddf8"
    },
    {
      "Name": "FSXStorageCapacity",
      "Value": "100"
    },
    {
      "Name": "FSXThroughputCapacity",
      "Value": "32"
    }
  ]
}
