{
  "StackId": "stack-xxxxxxxxxxxxxxxxx",
  "VpcId": "VPC_ID",
  "CloudFormationTemplateS3Endpoint": "s3_url",
  "TemplateParameters": [
    {
      "Key": "TenantName",
      "Value": "cqa1penfed"
    },
    {
      "Key": "ReplicationTaskName",
      "Value": "TBD"
    },
    {
      "Key": "SourceEndpointType",
      "Value": "blaze"
    },
    {
      "Key": "TargetEndpointType",
      "Value": "blaze"
    },
    {
      "Key": "LogGroupName",
      "Value": "dms-tasks-dm-replication-instance"
    },
    {
      "Key": "LogStreamName",
      "Value": "dms-task-dm-penfed-blaze"
    },
    {
      "Key": "Namespace",
      "Value": "dm"
    },
    {
      "Key": "AppName",
      "Value": "Debt Manager"
    },
    {
      "Key": "AppId",
      "Value": "dm-us-east-1-001"
    },
    {
      "Key": "CostCenter",
      "Value": "dm-cqa"
    },
    {
      "Key": "Creator",
      "Value": "TBD"
    },
    {
      "Key": "Owner",
      "Value": "TBD"
    },
    {
      "Key": "Type",
      "Value": "CQA"
    }
  ],
  "TimeoutInMinutes": 60
}
