{
  "Name": "crs-DMS-Replication-Endpoints-with-namespace",
  "Description": "crs-DMS-Replication-Endpoints-with-namespace",
  "VpcId": "VPC_ID",
  "CloudFormationTemplateS3Endpoint": "$S3_URL",
  "TimeoutInMinutes": 60,
  "Tags": [
    {
      "Key": "Application",
      "Value": "Debt Manager"
    }
  ],
  "Parameters": [
    {
      "Name": "TenantName",
      "Value": "cqa1penfed"
    },
    {
      "Name": "SourceDatabaseNameOLTP",
      "Value": "penfed_cqa_dm_oltp"
    },
    {
      "Name": "SourceDatabaseNameArchive",
      "Value": "penfed_cqa_archive"
    },
    {
      "Name": "SourceDatabaseNameBlaze",
      "Value": "penfed_cqa_dm_blaze"
    },
    {
      "Name": "SourceEndpoint",
      "Value": "10.100.8.88\\MSSQLSERVER"
    },
    {
      "Name": "TargetDatabaseNameOLTP",
      "Value": "cqa1penfed_oltp"
    },
    {
      "Name": "TargetDatabaseNameBlaze",
      "Value": "cqa1penfed_rules"
    },
    {
      "Name": "TargetEndpoint",
      "Value": "dm-rds-cluster.cluster-cvlk55dsbikn.us-east-1.rds.amazonaws.com"
    },
    {
      "Name": "AppName",
      "Value": "Debt Manager"
    },
    {
      "Name": "AppId",
      "Value": "dm-us-east-1-001"
    },
    {
      "Name": "CostCenter",
      "Value": "dm-cqa"
    },
    {
      "Name": "Creator",
      "Value": "TBD"
    },
    {
      "Name": "Owner",
      "Value": "TBD"
    },
    {
      "Name": "Type",
      "Value": "CQA"
    }
  ]
}
