{
  "Name": "crs-DMS-Replication-Tasks-Blaze-Penfed-with-namespace",
  "Description": "crs-DMS-Replication-Tasks-Blaze-Penfed-with-namespace",
  "VpcId": "VPC_ID",
  "CloudFormationTemplateS3Endpoint": "$S3_URL",
  "TimeoutInMinutes": 60,
  "Tags": [
    {
      "Key": "Application",
      "Value": "Debt Manager"
    }
  ],
  "Parameters": [
    {
      "Name": "TenantName",
      "Value": "cqa1penfed"
    },
    {
      "Name": "ReplicationTaskName",
      "Value": "TBD"
    },
    {
      "Name": "SourceEndpointType",
      "Value": "blaze"
    },
    {
      "Name": "TargetEndpointType",
      "Value": "blaze"
    },
    {
      "Name": "LogGroupName",
      "Value": "dms-tasks-dm-replication-instance"
    },
    {
      "Name": "LogStreamName",
      "Value": "dms-task-dm-penfed-blaze"
    },
    {
      "Name": "Namespace",
      "Value": "dm"
    },
    {
      "Name": "AppName",
      "Value": "Debt Manager"
    },
    {
      "Name": "AppId",
      "Value": "dm-us-east-1-001"
    },
    {
      "Name": "CostCenter",
      "Value": "dm-cqa"
    },
    {
      "Name": "Creator",
      "Value": "TBD"
    },
    {
      "Name": "Owner",
      "Value": "TBD"
    },
    {
      "Name": "Type",
      "Value": "CQA"
    }
  ]
}
