{
    "StackId": "stack-xxxxxxxxxxxxxxxxx",
    "VpcId": "VPC_ID",
    "CloudFormationTemplateS3Endpoint": "s3_url",
    "TemplateParameters": [
    {
        "Key": "Namespace",
        "Value": "dm"
    },
    {
        "Key": "appname",
        "Value": "bpocloud"
    },
    {
        "Key": "environment",
        "Value": "PRD"
    },
    {
        "Key": "DBsubnet1",
        "Value": "10.100.12.192/26"
    },
    {
        "Key": "DBsubnet2",
        "Value": "10.100.12.128/26"
    },
    {
        "Key": "DBsubnet3",
        "Value": "10.100.12.64/26"
    },
    {
        "Key": "AppSubnet1",
        "Value": "10.100.13.128/25"
    },
    {
        "Key": "AppSubnet2",
        "Value": "10.100.14.0/25"
    },
    {
        "Key": "AppSubnet3",
        "Value": "10.100.14.128/25"
    },
    {
        "Key": "localsubnet",
        "Value": "10.100.12.0/22"
    }
    ],
    "TimeoutInMinutes": 120
}
