{
  "Name": "customer-crs-Fileservice-SecurityGroups-with-namespace",
  "Description": "customer-crs-Fileservice-SecurityGroups-with-namespace",
  "VpcId": "VPC_ID",
  "CloudFormationTemplateS3Endpoint": "$S3_URL",
  "TimeoutInMinutes": 120,
  "Tags": [
    {
      "Key": "Application",
      "Value": "Fileservice"
    }
  ],
  "Parameters": [
    {
      "Name": "EfsSecurityGroup",
      "Value": "sg-027d8bfe6b540a233"
    },
    {
      "Name": "EnvironmentName",
      "Value": "fileservice-prd"
    },
    {
      "Name": "InstanceName",
      "Value": "novus"
    },
    {
      "Name": "VpcId",
      "Value": "vpc-0ef94a5702a9dc80e"
    },
    {
      "Name": "PrivateAZ1CIDR",
      "Value": "10.100.13.128/25"
    },
    {
      "Name": "PrivateDBAZ1CIDR",
      "Value": "10.100.12.64/26"
    },
    {
      "Name": "PrivateDBAZ2CIDR",
      "Value": "10.100.12.128/26"
    },
    {
      "Name": "PrivateDBAZ3CIDR",
      "Value": "10.100.12.192/26"
    },
    {
      "Name": "VPCPeeringCIDR",
      "Value": "10.40.35.249/32"
    },
    {
      "Name": "PrivateAZ2CIDR",
      "Value": "10.100.14.0/25"
    },
    {
      "Name": "PrivateAZ3CIDR",
      "Value": "10.100.14.128/25"
    },
    {
      "Name": "BastionCIDRAZ1",
      "Value": "10.100.0.0/23"
    },
    {
      "Name": "BastionCIDRAZ2",
      "Value": "10.100.3.0/24"
    }
  ]
}
