{
    "StackId": "stack-xxxxxxxxxxxxxxxxx",
    "VpcId": "VPC_ID",
    "CloudFormationTemplateS3Endpoint": "s3_url",
    "TemplateParameters": [
      {
        "Key": "EfsSecurityGroup",
        "Value": "sg-027d8bfe6b540a233"
      },
      {
        "Key": "EnvironmentName",
        "Value": "fileservice-prd"
      },
      {
        "Key": "InstanceName",
        "Value": "novus"
      },
      {
        "Key": "VpcId",
        "Value": "vpc-0ef94a5702a9dc80e"
      },
      {
        "Key": "PrivateAZ1CIDR",
        "Value": "10.100.13.128/25"
      },
      {
        "Key": "PrivateDBAZ1CIDR",
        "Value": "10.100.12.64/26"
      },
      {
        "Key": "PrivateDBAZ2CIDR",
        "Value": "10.100.12.128/26"
      },
      {
        "Key": "PrivateDBAZ3CIDR",
        "Value": "10.100.12.192/26"
      },
      {
        "Key": "VPCPeeringCIDR",
        "Value": "10.40.35.249/32"
      },
      {
        "Key": "PrivateAZ2CIDR",
        "Value": "10.100.14.0/25"
      },
      {
        "Key": "PrivateAZ3CIDR",
        "Value": "10.100.14.128/25"
      },
      {
        "Key": "BastionCIDRAZ1",
        "Value": "10.100.0.0/23"
      },
      {
        "Key": "BastionCIDRAZ2",
        "Value": "10.100.3.0/24"
      }
    ],
    "TimeoutInMinutes": 1080
  }