{
  "StackId": "stack-xxxxxxxxxxxxxxxxx",
  "VpcId": "VPC_ID",
  "CloudFormationTemplateS3Endpoint": "s3_url",
  "TemplateParameters": [
    {
      "Key": "Namespace",
      "Value": "dm"
    },
    {
      "Key": "RootSslPublic",
      "Value": "arn:aws:acm:us-east-1:849715693141:certificate/a5af75b1-707d-4164-91ed-c43050b9810d"
    },
    {
      "Key": "PrivateSslCertificate",
      "Value": "arn:aws:acm:us-east-1:849715693141:certificate/a5af75b1-707d-4164-91ed-c43050b9810d"
    },
    {
      "Key": "AppName",
      "Value": "debtmanager-1"
    },
    {
      "Key": "AppId",
      "Value": "dm-us-east-1-001"
    },
    {
      "Key": "CostCenter",
      "Value": "dm-prd"
    },
    {
      "Key": "Creator",
      "Value": "TBD"
    },
    {
      "Key": "Owner",
      "Value": "TBD"
    },
    {
      "Key": "Type",
      "Value": "Production"
    }
  ],
  "TimeoutInMinutes": 60
}
