{
  "Name": "customer-crs--network-components-load-balancers-with-namespace-dm-use1-dev",
  "Description": "customer-crs--network-components-load-balancers-with-namespace-dm-use1-dev",
  "VpcId": "VPC_ID",
  "CloudFormationTemplateS3Endpoint": "$S3_URL",
  "TimeoutInMinutes": 60,
  "Tags": [
    {
      "Key": "Application",
      "Value": "Debt Manager"
    }
  ],
  "Parameters": [
    {
      "Name": "Namespace",
      "Value": "dm"
    },
    {
      "Name": "RootSslPublic",
      "Value": "arn:aws:acm:us-east-1:849715693141:certificate/a5af75b1-707d-4164-91ed-c43050b9810d"
    },
    {
      "Name": "PrivateSslCertificate",
      "Value": "arn:aws:acm:us-east-1:849715693141:certificate/a5af75b1-707d-4164-91ed-c43050b9810d"
    },
    {
      "Name": "AppName",
      "Value": "debtmanager-1"
    },
    {
      "Name": "AppId",
      "Value": "dm-us-east-1-001"
    },
    {
      "Name": "CostCenter",
      "Value": "dm-prd"
    },
    {
      "Name": "Creator",
      "Value": "TBD"
    },
    {
      "Name": "Owner",
      "Value": "TBD"
    },
    {
      "Name": "Type",
      "Value": "Production"
    }
  ]
}
