{
  "Name": "crs--network-components-Route53-Internal-DNS-with-namespace",
  "Description": "crs--network-components-Route53-Internal-DNS-with-namespace",
  "VpcId": "VPC_ID",
  "CloudFormationTemplateS3Endpoint": "$S3_URL",
  "TimeoutInMinutes": 120,
  "Tags": [
    {
      "Key": "Application",
      "Value": "Debt Manager"
    }
  ],
  "Parameters": [
    {
      "Name": "Namespace",
      "Value": "dm"
    },
    {
      "Name": "HostedZoneId",
      "Value": "Z0384020WJHN0WQNCOFY"
    },
    {
      "Name": "HostedZoneName",
      "Value": "debtmanager.crsoftwarecloud.com"
    },
    {
      "Name": "RDSClusterName",
      "Value": "dm-rds-cluster.cluster-cnlrklynhc2i.us-east-1.rds.amazonaws.com"
    }
  ]
}
