{
    "Name": "crs-Data-Migration-Components-DataSync-S3-Bucket-with-namespace",
    "Description": "crs-Data-Migration-Components-DataSync-S3-Bucket-with-namespace",
    "VpcId": "VPC_ID",
    "CloudFormationTemplateS3Endpoint": "$S3_URL",
    "TimeoutInMinutes": 120,
    "Tags": [
      {
        "Key":   "Application",
        "Value": "DebtManager"
      }
    ],
    "Parameters": [
        {
          "Name": "Namespace",
          "Value": "dc001-tenant001"
        },
        {
          "Name": "AppName",
          "Value": "Debt Manager"
        },
        {
          "Name": "AppId",
          "Value": "dm-us-east-1-001"
        },
        {
          "Name": "CostCenter",
          "Value": "dm-dev"
        },
        {
          "Name": "Creator",
          "Value": "TBD"
        },
        {
          "Name": "Owner",
          "Value": "TBD"
        },
        {
          "Name": "Type",
          "Value": "Development"
        }
      ]
  }