{
  "StackId": "stack-xxxxxxxxxxxxxxxxx",
  "VpcId": "VPC_ID",
  "CloudFormationTemplateS3Endpoint": "s3_url",
  "TemplateParameters": [
    {
      "Key": "TenantName",
      "Value": "tenant1"
    },
    {
      "Key": "SourceDatabaseNameOLTP",
      "Value": "tenant1_cqa_dm_oltp"
    },
    {
      "Key": "SourceDatabaseNameArchive",
      "Value": "tenant1_cqa_archive"
    },
    {
      "Key": "SourceDatabaseNameBlaze",
      "Value": "tenant1_cqa_dm_blaze"
    },
    {
      "Key": "SourceEndpoint",
      "Value": "10.100.8.88\\MSSQLSERVER"
    },
    {
      "Key": "TargetDatabaseNameOLTP",
      "Value": "tenant1_oltp"
    },
    {
      "Key": "TargetDatabaseNameBlaze",
      "Value": "tenant1_rules"
    },
    {
      "Key": "TargetEndpoint",
      "Value": "dm-rds-cluster.cluster-cvlk55dsbikn.us-east-1.rds.amazonaws.com"
    },
    {
      "Key": "AppName",
      "Value": "Debt Manager"
    },
    {
      "Key": "AppId",
      "Value": "dm-us-east-1-001"
    },
    {
      "Key": "CostCenter",
      "Value": "dm-cqa"
    },
    {
      "Key": "Creator",
      "Value": "TBD"
    },
    {
      "Key": "Owner",
      "Value": "TBD"
    },
    {
      "Key": "Type",
      "Value": "CQA"
    }
  ],
  "TimeoutInMinutes": 60
}
