{
    "StackId": "stack-xxxxxxxxxxxxxxxxx",
    "VpcId": "VPC_ID",
    "CloudFormationTemplateS3Endpoint": "s3_url",
    "TemplateParameters": [
        {
            "Key": "AMSManagedMSADId",
            "Value": "d-906756de38"
        },
        {
            "Key": "Namespace",
            "Value": "dm"
        },
        {
            "Key": "AppName",
            "Value": "Debt Manager"
        },
        {
            "Key": "AppId",
            "Value": "dm-us-east-1-001"
        },
        {
            "Key": "CostCenter",
            "Value": "dm-cqa"
        },
        {
            "Key": "Creator",
            "Value": "TBD"
        },
        {
            "Key": "Owner",
            "Value": "TBD"
        },
        {
            "Key": "Type",
            "Value": "CQA"
        }
    ],
    "TimeoutInMinutes": 1080
}
