{
  "Name": "crs-File-Share-Components-App-FSx-with-namespace",
  "Description": "crs-File-Share-Components-App-EFS-with-namespace",
  "VpcId": "VPC_ID",
  "CloudFormationTemplateS3Endpoint": "$S3_URL",
  "TimeoutInMinutes": 120,
  "Tags": [
    {
      "Key": "Application",
      "Value": "Debt Manager"
    }
  ],
  "Parameters": [
    {
      "Name": "AMSManagedMSADId",
      "Value": "d-906756de38"
    },
    {
      "Name": "Namespace",
      "Value": "dm"
    },
    {
      "Name": "AppName",
      "Value": "Debt Manager"
    },
    {
      "Name": "AppId",
      "Value": "dm-us-east-1-001"
    },
    {
      "Name": "CostCenter",
      "Value": "dm-cqa"
    },
    {
      "Name": "Creator",
      "Value": "TBD"
    },
    {
      "Name": "Owner",
      "Value": "TBD"
    },
    {
      "Name": "Type",
      "Value": "CQA"
    }
  ]
}
