{
  "StackId": "stack-xxxxxxxxxxxxxxxxx",
  "VpcId": "VPC_ID",
  "CloudFormationTemplateS3Endpoint": "s3_url",
  "TemplateParameters": [
    {
      "Name": "EnvironmentName",
      "Value": "fileservice-cqa"
    },
    {
      "Name": "InstanceName",
      "Value": "novus"
    },
    {
      "Name": "PrivateSubnetOne",
      "Value": "subnet-049fa1905d05f5aff"
    },
    {
      "Name": "PrivateSubnetTwo",
      "Value": "subnet-07f9031ad46dd06b6"
    },
    {
      "Name": "ActiveDirectoryId",
      "Value": "d-906756de38"
    },
    {
      "Name": "FSXStorageCapacity",
      "Value": "100"
    },
    {
      "Name": "FSXThroughputCapacity",
      "Value": "32"
    }
  ],
  "TimeoutInMinutes": 1080
}
