{
  "Name": "crs-File-Share-Components-Fileservice-EFS-FSX-with-namespace",
  "Description": "crs-File-Share-Components-Fileservice-EFS-FSX-with-namespace",
  "VpcId": "VPC_ID",
  "CloudFormationTemplateS3Endpoint": "$S3_URL",
  "TimeoutInMinutes": 120,
  "Tags": [
    {
      "Key": "Application",
      "Value": "Fileservice"
    }
  ],
  "Parameters": [
    {
      "Name": "EnvironmentName",
      "Value": "fileservice-cqa"
    },
    {
      "Name": "InstanceName",
      "Value": "novus"
    },
    {
      "Name": "PrivateSubnetOne",
      "Value": "subnet-049fa1905d05f5aff"
    },
    {
      "Name": "PrivateSubnetTwo",
      "Value": "subnet-07f9031ad46dd06b6"
    },
    {
      "Name": "ActiveDirectoryId",
      "Value": "d-906756de38"
    },
    {
      "Name": "FSXStorageCapacity",
      "Value": "100"
    },
    {
      "Name": "FSXThroughputCapacity",
      "Value": "32"
    }
  ]
}
