[
    {
        "ParameterKey": "Namespace",
        "ParameterValue": "dm"
    },
    {
        "ParameterKey": "AppName",
        "ParameterValue": "dm"
    },
    {
        "ParameterKey": "AppId",
        "ParameterValue": "dm-us-east-1-001"
    },
    {
        "ParameterKey": "CostCenter",
        "ParameterValue": "dm-cqa"
    },
    {
        "ParameterKey": "Creator",
        "ParameterValue": "TBD"
    },
    {
        "ParameterKey": "Owner",
        "ParameterValue": "TBD"
    },
    {
        "ParameterKey": "Type",
        "ParameterValue": "CQA"
    },
    {
        "ParameterKey": "VpcId",
        "ParameterValue": "vpc-094477962dde058a5"
    },
    {
        "ParameterKey": "VpcCidr",
        "ParameterValue": "10.100.8.0/22"
    }
]
