{
  "StackId": "stack-xxxxxxxxxxxxxxxxx",
  "VpcId": "VPC_ID",
  "CloudFormationTemplateS3Endpoint": "s3_url",
  "TemplateParameters": [
    {
      "Name": "EnvironmentName",
      "Value": "fileservice-cqa"
    },
    {
      "Name": "InstanceName",
      "Value": "novus"
    },
    {
      "Name": "DelaySeconds",
      "Value": "20"
    },
    {
      "Name": "KmsDataKeyReusePeriodSeconds",
      "Value": "86400"
    },
    {
      "Name": "fileserviceKMS",
      "Value": "arn:aws:kms:us-east-1:623137734333:key/mrk-a9d70a3c981642f3b0d1be41db794515"
    },
    {
      "Name": "MaximumMessageSize",
      "Value": "262144"
    },
    {
      "Name": "MessageRetentionPeriod",
      "Value": "2400"
    },
    {
      "Name": "QueueName",
      "Value": "fileservice-sqs"
    },
    {
      "Name": "ReceiveMessageWaitTimeSeconds",
      "Value": "0"
    },
    {
      "Name": "VisibilityTimeout",
      "Value": "1200"
    }
  ],
  "TimeoutInMinutes": 120
}
