{
  "Name": "crs-Queue-Components-Fileservice-SQS-with-namespace",
  "Description": "crs-Queue-Components-Fileservice-SQS-with-namespace",
  "VpcId": "VPC_ID",
  "CloudFormationTemplateS3Endpoint": "$S3_URL",
  "TimeoutInMinutes": 120,
  "Tags": [
    {
      "Key": "Application",
      "Value": "Fileservice"
    }
  ],
  "Parameters": [
    {
      "Name": "EnvironmentName",
      "Value": "fileservice-cqa"
    },
    {
      "Name": "InstanceName",
      "Value": "novus"
    },
    {
      "Name": "DelaySeconds",
      "Value": "20"
    },
    {
      "Name": "KmsDataKeyReusePeriodSeconds",
      "Value": "86400"
    },
    {
      "Name": "fileserviceKMS",
      "Value": "arn:aws:kms:us-east-1:623137734333:key/mrk-a9d70a3c981642f3b0d1be41db794515"
    },
    {
      "Name": "MaximumMessageSize",
      "Value": "262144"
    },
    {
      "Name": "MessageRetentionPeriod",
      "Value": "2400"
    },
    {
      "Name": "QueueName",
      "Value": "fileservice-sqs"
    },
    {
      "Name": "ReceiveMessageWaitTimeSeconds",
      "Value": "0"
    },
    {
      "Name": "VisibilityTimeout",
      "Value": "1200"
    }
  ]
}
