{
  "Name": "crs-EC2-Components-EC2-Fileserviceutil-Server-with-namespace",
  "Description": "crs-EC2-Components-EC2-Fileserviceutil-Server-with-namespace",
  "VpcId": "VPC_ID",
  "CloudFormationTemplateS3Endpoint": "$S3_URL",
  "TimeoutInMinutes": 120,
  "Tags": [
    {
      "Key": "Application",
      "Value": "Fileservice"
    }
  ],
  "Parameters": [
    {
      "Name": "EnvironmentName",
      "Value": "fileservice-prd"
    },
    {
      "Name": "InstanceName",
      "Value": "novus"
    },
    {
      "Name": "InstanceType",
      "Value": "t3.large"
    },
    {
      "Name": "MinClusterSize",
      "Value": "1"
    },
    {
      "Name": "MaxClusterSize",
      "Value": "1"
    },
    {
      "Name": "ECSAMI",
      "Value": "/dm/ami/customer-ams-amazon2-latest-1"
    },
    {
      "Name": "PrivateSubnetOne",
      "Value": "subnet-0278471dc3570f176"
    },
    {
      "Name": "PrivateSubnetTwo",
      "Value": "subnet-0f3d4321dfe6acd1e"
    },
    {
      "Name": "PrivateSubnetThree",
      "Value": "subnet-0c79ea2ba5dea99f7"
    },
    {
      "Name": "InstanceProfile",
      "Value": "customer_ec2_Fileservice_util_role"
    },
    {
      "Name": "EFSMount",
      "Value": "/dm/efs/mount"
    }
  ]
}
