{
  "StackId": "stack-xxxxxxxxxxxxxxxxx",
  "VpcId": "VPC_ID",
  "CloudFormationTemplateS3Endpoint": "s3_url",
  "TemplateParameters": [
    {
      "Key": "EnvironmentName",
      "Value": "fileservice-prd"
    },
    {
      "Key": "InstanceName",
      "Value": "novus"
    },
    {
      "Key": "InstanceType",
      "Value": "t3.large"
    },
    {
      "Key": "MinClusterSize",
      "Value": "1"
    },
    {
      "Key": "MaxClusterSize",
      "Value": "1"
    },
    {
      "Key": "ECSAMI",
      "Value": "/dm/ami/customer-ams-amazon2-latest-1"
    },
    {
      "Key": "PrivateSubnetOne",
      "Value": "subnet-0278471dc3570f176"
    },
    {
      "Key": "PrivateSubnetTwo",
      "Value": "subnet-0f3d4321dfe6acd1e"
    },
    {
      "Key": "PrivateSubnetThree",
      "Value": "subnet-0c79ea2ba5dea99f7"
    },
    {
      "Key": "InstanceProfile",
      "Value": "customer_ec2_Fileservice_util_role"
    },
    {
      "Key": "EFSMount",
      "Value": "/dm/efs/mount"
    }
  ],
  "TimeoutInMinutes": 1080
}
