{
  "Name": "crs-EC2-Components-EC2-Puppet-Server-with-namespace",
  "Description": "crs-EC2-Components-EC2-Puppet-Server-with-namespace",
  "VpcId": "VPC_ID",
  "CloudFormationTemplateS3Endpoint": "$S3_URL",
  "TimeoutInMinutes": 60,
  "Tags": [
    {
      "Key": "Application",
      "Value": "Debt Manager"
    }
  ],
  "Parameters": [
    {
      "Name": "Namespace",
      "Value": "dm"
    },
    {
      "Name": "InstanceSize",
      "Value": "t3a.2xlarge"
    },
    {
      "Name": "InstanceProfile",
      "Value": "customer_ec2_puppet_instance_role"
    },
    {
      "Name": "AmiId",
      "Value": "/dm/ami/puppet"
    },
    {
      "Name": "EnvironmentHostname",
      "Value": "debtmanager.crsoftwarecloud.com"
    },
    {
      "Name": "PuppetDeploymentStage",
      "Value": "prd"
    },
    {
      "Name": "AppName",
      "Value": "Debt Manager"
    },
    {
      "Name": "AppId",
      "Value": "dm-us-east-1-001"
    },
    {
      "Name": "CostCenter",
      "Value": "dm-prd"
    },
    {
      "Name": "Creator",
      "Value": "TBD"
    },
    {
      "Name": "Owner",
      "Value": "TBD"
    },
    {
      "Name": "Type",
      "Value": "Production"
    },
    {
      "Name": "PatchGroup",
      "Value": "PRD"
    }
  ]
}
