{
  "StackId": "stack-xxxxxxxxxxxxxxxxx",
  "VpcId": "VPC_ID",
  "CloudFormationTemplateS3Endpoint": "s3_url",
  "TemplateParameters": [
    {
      "Key": "Namespace",
      "Value": "dm"
    },
    {
      "Key": "InstanceSize",
      "Value": "t3a.2xlarge"
    },
    {
      "Key": "InstanceProfile",
      "Value": "customer_ec2_puppet_instance_role"
    },
    {
      "Key": "AmiId",
      "Value": "/dm/ami/puppet"
    },
    {
      "Key": "EnvironmentHostname",
      "Value": "debtmanager.crsoftwarecloud.com"
    },
    {
      "Key": "PuppetDeploymentStage",
      "Value": "prd"
    },
    {
      "Key": "AppName",
      "Value": "Debt Manager"
    },
    {
      "Key": "AppId",
      "Value": "dm-us-east-1-001"
    },
    {
      "Key": "CostCenter",
      "Value": "dm-prd"
    },
    {
      "Key": "Creator",
      "Value": "TBD"
    },
    {
      "Key": "Owner",
      "Value": "TBD"
    },
    {
      "Key": "Type",
      "Value": "Production"
    },
    {
      "Key": "PatchGroup",
      "Value": "PRD"
    }
  ],
  "TimeoutInMinutes": 60
}
