{
  "Name": "crs-EC2-Components-EC2-OpenOffice-Server-with-namespace",
  "Description": "crs-EC2-Components-EC2-OpenOffice-Server-with-namespace",
  "VpcId": "VPC_ID",
  "CloudFormationTemplateS3Endpoint": "$S3_URL",
  "TimeoutInMinutes": 60,
  "Tags": [
    {
      "Key": "Application",
      "Value": "Debt Manager"
    }
  ],
  "Parameters": [
    {
      "Name": "Namespace",
      "Value": "dm"
    },
    {
      "Name": "NlbArn",
      "Value": "arn:aws:elasticloadbalancing:us-east-1:849715693141:loadbalancer/net/dm-private-nlb/caa67f6f433ea477"
    },
    {
      "Name": "InstanceSize",
      "Value": "t3a.large"
    },
    {
      "Name": "InstanceProfile",
      "Value": "customer_ec2_openoffice_instance_role"
    },
    {
      "Name": "EFSMount",
      "Value": "/dm/efs/mount"
    },
    {
      "Name": "NetworkPort",
      "Value": "8300"
    },
    {
      "Name": "AmiId",
      "Value": "/dm/ami/openoffice"
    },
    {
      "Name": "AppName",
      "Value": "Debt Manager"
    },
    {
      "Name": "AppId",
      "Value": "dm-us-east-1-001"
    },
    {
      "Name": "CostCenter",
      "Value": "dm-prd"
    },
    {
      "Name": "Creator",
      "Value": "TBD"
    },
    {
      "Name": "Owner",
      "Value": "TBD"
    },
    {
      "Name": "Type",
      "Value": "Production"
    },
    {
      "Name": "PatchGroup",
      "Value": "PRD"
    },
    {
      "Name": "PuppetEnvironment",
      "Value": "prd"
    }
  ]
}
