{
  "StackId": "stack-xxxxxxxxxxxxxxxxx",
  "VpcId": "VPC_ID",
  "CloudFormationTemplateS3Endpoint": "s3_url",
  "TemplateParameters": [
    {
      "Key": "BucketName",
      "Value": "cqa-us-east-1-cloudwatch-logs"
    },
    {
      "Key": "DeliveryStreamName",
      "Value": "dm_cloudwatch_s3"
    },
    {
      "Key": "LogGroupNameActiveMQ",
      "Value": "dm-ActiveMQ"
    },
    {
      "Key": "LogGroupNameBatch",
      "Value": "dm-Batch"
    },
    {
      "Key": "LogGroupNameBlazeRMA",
      "Value": "dm-BlazeRMA"
    },
    {
      "Key": "LogGroupNameFileProcessor",
      "Value": "dm-FileProcessor"
    },
    {
      "Key": "LogGroupNameRestAPI",
      "Value": "dm-RestAPI"
    },
    {
      "Key": "Namespace",
      "Value": "dm"
    },
    {
      "Key": "AppName",
      "Value": "Debt Manager"
    },
    {
      "Key": "AppId",
      "Value": "dm-us-east-1-001"
    },
    {
      "Key": "CostCenter",
      "Value": "dm-cqa"
    },
    {
      "Key": "Creator",
      "Value": "TBD"
    },
    {
      "Key": "Owner",
      "Value": "TBD"
    },
    {
      "Key": "Type",
      "Value": "CQA"
    }
  ],
  "TimeoutInMinutes": 60
}
