{
  "Name": "crs-Security-Components-CloudwatchToS3-with-namespace",
  "Description": "crs-Security-Components-CloudwatchToS3-with-namespace",
  "VpcId": "VPC_ID",
  "CloudFormationTemplateS3Endpoint": "$S3_URL",
  "TimeoutInMinutes": 60,
  "Tags": [
    {
      "Key": "Application",
      "Value": "Debt Manager"
    }
  ],
  "Parameters": [
    {
      "Name": "BucketName",
      "Value": "cqa-us-east-1-cloudwatch-logs"
    },
    {
      "Name": "DeliveryStreamName",
      "Value": "dm_cloudwatch_s3"
    },
    {
      "Name": "LogGroupNameActiveMQ",
      "Value": "dm-ActiveMQ"
    },
    {
      "Name": "LogGroupNameBatch",
      "Value": "dm-Batch"
    },
    {
      "Name": "LogGroupNameBlazeRMA",
      "Value": "dm-BlazeRMA"
    },
    {
      "Name": "LogGroupNameFileProcessor",
      "Value": "dm-FileProcessor"
    },
    {
      "Name": "LogGroupNameRestAPI",
      "Value": "dm-RestAPI"
    },
    {
      "Name": "Namespace",
      "Value": "dm"
    },
    {
      "Name": "AppName",
      "Value": "Debt Manager"
    },
    {
      "Name": "AppId",
      "Value": "dm-us-east-1-001"
    },
    {
      "Name": "CostCenter",
      "Value": "dm-cqa"
    },
    {
      "Name": "Creator",
      "Value": "TBD"
    },
    {
      "Name": "Owner",
      "Value": "TBD"
    },
    {
      "Name": "Type",
      "Value": "CQA"
    }
  ]
}
