{
  "StackId": "stack-xxxxxxxxxxxxxxxxx",
  "VpcId": "VPC_ID",
  "CloudFormationTemplateS3Endpoint": "s3_url",
  "TemplateParameters": [
    {
      "Key": "PendingWindowInDays",
      "Value":  "30"
    },
    {
      "Key": "Namespace",
      "Value":  "dm"
    },
    {
      "Key": "AppName",
      "Value":  "Debt Manager"
    },
    {
      "Key": "AppId",
      "Value":  "dm-eu-central-1-001"
    },
    {
      "Key": "CostCenter",
      "Value":  "dm-cqa"
    },
    {
      "Key": "Creator",
      "Value":  "TBD"
    },
    {
      "Key": "Owner",
      "Value":  "TBD"
    },
    {
      "Key": "Type",
      "Value":  "CQA"
    }
  ],
  "TimeoutInMinutes": 1080
}
