{
    "Name": "customer-crs-iam-roles-ECSServiceRole-with-namespace",
    "Description": "customer-crs-iam-roles-ECSServiceRole-with-namespace",
    "VpcId": "VPC_ID",
    "CloudFormationTemplateS3Endpoint": "$S3_URL",
    "TimeoutInMinutes": 120,
    "Tags": [
      {
        "Key":   "Application",
        "Value": "Debt Manager"
      }
    ],
    "Parameters": [
      {
        "Name": "PendingWindowInDays",
        "Value":  "30"
      },
      {
        "Name": "Namespace",
        "Value":  "dm"
      },
      {
        "Name": "AppName",
        "Value":  "Debt Manager"
      },
      {
        "Name": "AppId",
        "Value":  "dm-us-east-1-001"
      },
      {
        "Name": "CostCenter",
        "Value":  "dm-cqa"
      },
      {
        "Name": "Creator",
        "Value":  "TBD"
      },
      {
        "Name": "Owner",
        "Value":  "TBD"
      },
      {
        "Name": "Type",
        "Value":  "CQA"
      }
    ]
  }