{
  "Name": "customer-crs-new-tenant-cqa1nbc-with-namespace",
  "Description": "customer-crs-new-tenant-cqa1nbc-with-namespace",
  "VpcId": "vpc-0f030dd9e1d1d38e1",
  "CloudFormationTemplateS3Endpoint": "$S3_URL",
  "TimeoutInMinutes": 60,
  "Tags": [
    {
      "Key": "Application",
      "Value": "Debt Manager"
    }
  ],
  "Parameters": [
    {
      "Name": "Namespace",
      "Value": "dm"
    },
    {
      "Name": "AlbNamespace",
      "Value": "dm"
    },
    {
      "Name": "HostedZoneId",
      "Value": "Z036901833UAPGNBBJ038"
    },
    {
      "Name": "TenantName",
      "Value": "cqa1nbc"
    },
    {
      "Name": "RootDnsName",
      "Value": "cqa.debtmanager.crsoftwarecloud.com"
    },
    {
      "Name": "TenantPublicSslArn",
      "Value": "arn:aws:acm:us-east-1:623137734333:certificate/f33fba7a-baf1-4fc1-8b1b-079062578c47"
    },
    {
      "Name": "IPWhitelist",
      "Value": "3.12.96.168/32"
    },
    {
      "Name": "WebAclAction",
      "Value": "ALLOW"
    },
    {
      "Name": "NlbArn",
      "Value": "arn:aws:elasticloadbalancing:us-east-1:623137734333:loadbalancer/net/dm-private-nlb/d5da5ab19d07576f"
    },
    {
      "Name": "ETLNetworkPort",
      "Value": "5006"
    },
    {
      "Name": "SSRSNetworkPort",
      "Value": "8448"
    },
    {
      "Name": "ListenerPriority",
      "Value": "16"
    },
    {
      "Name": "OriginReadTimeout",
      "Value": "180"
    },
    {
      "Name": "LambdaVersionNumber",
      "Value": "6"
    },
    {
      "Name": "AppName",
      "Value": "debtmanager-1"
    },
    {
      "Name": "AppId",
      "Value": "dm-us-east-1-001"
    },
    {
      "Name": "CostCenter",
      "Value": "dm-cqa"
    },
    {
      "Name": "Creator",
      "Value": "TBD"
    },
    {
      "Name": "Owner",
      "Value": "TBD"
    },
    {
      "Name": "Type",
      "Value": "CQA"
    }
  ]
}
