{
    "Name": "customer-crs-BpoCloud-SecurityGroups-with-namespace",
    "Description": "customer-crs-BpoCloud-SecurityGroups-with-namespace",
    "VpcId": "VPC_ID",
    "CloudFormationTemplateS3Endpoint": "$S3_URL",
    "TimeoutInMinutes": 120,
    "Tags": [
    {
        "Key": "Application",
        "Value": "BpoCloud"
    }
    ],
    "Parameters": [
    {
        "Name": "Namespace",
        "Value": "dm"
    },
    {
        "Name": "appname",
        "Value": "bpocloud"
    },
    {
        "Name": "environment",
        "Value": "Cqa"
    },
    {
        "Name": "Dbsubnet1",
        "Value": "10.100.8.128/26"
    },
    {
        "Name": "Dbsubnet2",
        "Value": "10.100.8.192/26"
    },
    {
        "Name": "Dbsubnet3",
        "Value": "10.100.8.64/26"
    },
    {
        "Name": "AppSubnet1",
        "Value": "10.100.9.128/25"
    },
    {
        "Name": "AppSubnet2",
        "Value": "10.100.10.0/25"
    },
    {
        "Name": "AppSubnet3",
        "Value": "10.100.10.128/25"
    },
    {
        "Name": "localsubnet",
        "Value": "10.100.8.0/22"
    }
    ]
}
