{
    "StackId": "stack-xxxxxxxxxxxxxxxxx",
    "VpcId": "VPC_ID",
    "CloudFormationTemplateS3Endpoint": "s3_url",
    "TemplateParameters": [
    {
        "Key": "Namespace",
        "Value": "dm"
    },
    {
        "Key": "appname",
        "Value": "bpocloud"
    },
    {
        "Key": "environment",
        "Value": "Cqa"
    },
    {
        "Key": "DBsubnet1",
        "Value": "10.100.8.128/26"
    },
    {
        "Key": "DBsubnet2",
        "Value": "10.100.8.192/26"
    },
    {
        "Key": "DBsubnet3",
        "Value": "10.100.8.64/26"
    },
    {
        "Key": "AppSubnet1",
        "Value": "10.100.9.128/25"
    },
    {
        "Key": "AppSubnet2",
        "Value": "10.100.10.0/25"
    },
    {
        "Key": "AppSubnet3",
        "Value": "10.100.10.128/25"
    },
    {
        "Key": "localsubnet",
        "Value": "10.100.8.0/22"
    }
    ],
    "TimeoutInMinutes": 120
}
