{
  "Name": "customer-crs-Fileservice-SecurityGroups-with-namespace",
  "Description": "customer-crs-Fileservice-SecurityGroups-with-namespace",
  "VpcId": "VPC_ID",
  "CloudFormationTemplateS3Endpoint": "$S3_URL",
  "TimeoutInMinutes": 120,
  "Tags": [
    {
      "Key": "Application",
      "Value": "Fileservice"
    }
  ],
  "Parameters": [
    {
      "Name": "EfsSecurityGroup",
      "Value": "sg-0cf304e4e0eb6c558"
    },
    {
      "Name": "EnvironmentName",
      "Value": "fileservice-cqa"
    },
    {
      "Name": "InstanceName",
      "Value": "novus"
    },
    {
      "Name": "VpcId",
      "Value": "vpc-094477962dde058a5"
    },
    {
      "Name": "PrivateAZ1CIDR",
      "Value": "10.100.9.128/25"
    },
    {
      "Name": "PrivateDBAZ1CIDR",
      "Value": "10.100.8.64/26"
    },
    {
      "Name": "PrivateDBAZ2CIDR",
      "Value": "10.100.8.128/26"
    },
    {
      "Name": "PrivateDBAZ3CIDR",
      "Value": "10.100.8.192/26"
    },
    {
      "Name": "VPCPeeringCIDR",
      "Value": "10.40.35.249/32"
    },
    {
      "Name": "PrivateAZ2CIDR",
      "Value": "10.100.10.0/25"
    },
    {
      "Name": "PrivateAZ3CIDR",
      "Value": "10.100.10.128/25"
    },
    {
      "Name": "BastionCIDRAZ1",
      "Value": "10.100.0.0/23"
    },
    {
      "Name": "BastionCIDRAZ2",
      "Value": "10.100.3.0/24"
    }
  ]
}
