{
  "Name": "customer-crs-network-components-load-balancers-with-namespace-dm-use1-dev",
  "Description": "customer-crs-network-components-load-balancers-with-namespace-dm-use1-dev",
  "VpcId": "VPC_ID",
  "CloudFormationTemplateS3Endpoint": "$S3_URL",
  "TimeoutInMinutes": 60,
  "Tags": [
    {
      "Key": "Application",
      "Value": "Debt Manager"
    }
  ],
  "Parameters": [
    {
      "Name": "Namespace",
      "Value": "dm"
    },
    {
      "Name": "RootSslPublic",
      "Value": "arn:aws:acm:us-east-1:623137734333:certificate/1f4051d7-3810-4fde-99a3-47e52c31c598"
    },
    {
      "Name": "PrivateSslCertificate",
      "Value": "arn:aws:acm:us-east-1:623137734333:certificate/1f4051d7-3810-4fde-99a3-47e52c31c598"
    },
    {
      "Name": "AppName",
      "Value": "debtmanager-1"
    },
    {
      "Name": "AppId",
      "Value": "dm-us-east-1-001"
    },
    {
      "Name": "CostCenter",
      "Value": "dm-cqa"
    },
    {
      "Name": "Creator",
      "Value": "TBD"
    },
    {
      "Name": "Owner",
      "Value": "TBD"
    },
    {
      "Name": "Type",
      "Value": "CQA"
    }
  ]
}
