{
  "StackId": "stack-xxxxxxxxxxxxxxxxx",
  "VpcId": "VPC_ID",
  "CloudFormationTemplateS3Endpoint": "s3_url",
  "TemplateParameters": [
    {
      "Key": "Namespace",
      "Value": "dm"
    },
    {
      "Key": "RootSslPublic",
      "Value": "arn:aws:acm:us-east-1:623137734333:certificate/1f4051d7-3810-4fde-99a3-47e52c31c598"
    },
    {
      "Key": "PrivateSslCertificate",
      "Value": "arn:aws:acm:us-east-1:623137734333:certificate/1f4051d7-3810-4fde-99a3-47e52c31c598"
    },
    {
      "Key": "AppName",
      "Value": "debtmanager-1"
    },
    {
      "Key": "AppId",
      "Value": "dm-us-east-1-001"
    },
    {
      "Key": "CostCenter",
      "Value": "dm-cqa"
    },
    {
      "Key": "Creator",
      "Value": "TBD"
    },
    {
      "Key": "Owner",
      "Value": "TBD"
    },
    {
      "Key": "Type",
      "Value": "CQA"
    }
  ],
  "TimeoutInMinutes": 60
}
