{
  "StackId": "stack-xxxxxxxxxxxxxxxxx",
  "VpcId": "VPC_ID",
  "CloudFormationTemplateS3Endpoint": "s3_url",
  "TemplateParameters": [
    {
      "Key": "Namespace",
      "Value": "dm"
    },
    {
      "Key": "HostedZoneId",
      "Value": "Z03780881ZW4QF25RJF1J"
    },
    {
      "Key": "HostedZoneName",
      "Value": "cqa.debtmanager.crsoftwarecloud.com"
    },
    {
      "Key": "RDSClusterName",
      "Value": "dm-rds-cluster.cluster-cvlk55dsbikn.us-east-1.rds.amazonaws.com"
    }
  ],
  "TimeoutInMinutes": 1080
}
