{
  "StackId": "stack-xxxxxxxxxxxxxxxxx",
  "VpcId": "VPC_ID",
  "CloudFormationTemplateS3Endpoint": "s3_url",
  "TemplateParameters": [
    {
      "Key": "EnvironmentName",
      "Value": "fileservice-cqa"
    },
    {
      "Key": "InstanceName",
      "Value": "novus"
    },
    {
      "Key": "InstanceType",
      "Value": "t3.large"
    },
    {
      "Key": "MinClusterSize",
      "Value": "1"
    },
    {
      "Key": "MaxClusterSize",
      "Value": "1"
    },
    {
      "Key": "ECSAMI",
      "Value": "/dm/ami/customer-ams-amazon2-latest-1"
    },
    {
      "Key": "PrivateSubnetOne",
      "Value": "subnet-049fa1905d05f5aff"
    },
    {
      "Key": "PrivateSubnetTwo",
      "Value": "subnet-07f9031ad46dd06b6"
    },
    {
      "Key": "PrivateSubnetThree",
      "Value": "subnet-03e40c0e77a1def61"
    },
    {
      "Key": "InstanceProfile",
      "Value": "customer_ec2_Fileservice_util_role"
    },
    {
      "Key": "EFSMount",
      "Value": "/dm/efs/mount"
    }
  ],
  "TimeoutInMinutes": 1080
}
