{
  "Name": "crs-EC2-Components-EC2-ETL-Server-with-namespace",
  "Description": "crs-EC2-Components-EC2-ETL-Server-with-namespace",
  "VpcId": "VPC_ID",
  "CloudFormationTemplateS3Endpoint": "$S3_URL",
  "TimeoutInMinutes": 60,
  "Tags": [
    {
      "Key": "Application",
      "Value": "Debt Manager"
    }
  ],
  "Parameters": [
    {
      "Name": "Namespace",
      "Value": "dm"
    },
    {
      "Name": "InstanceProfile",
      "Value": "customer-mc-ec2-instance-profile"
    },
    {
      "Name": "EFSMount",
      "Value": "/dm/efs/mount"
    },
    {
      "Name": "AmiId",
      "Value": "/dm/ami/etl"
    },
    {
      "Name": "AppName",
      "Value": "Debt Manager"
    },
    {
      "Name": "AppId",
      "Value": "dm-us-east-1-001"
    },
    {
      "Name": "CostCenter",
      "Value": "dm-cqa"
    },
    {
      "Name": "Creator",
      "Value": "TBD"
    },
    {
      "Name": "Owner",
      "Value": "TBD"
    },
    {
      "Name": "Type",
      "Value": "CQA"
    },
    {
      "Name": "PatchGroup",
      "Value": "CQA"
    },
    {
      "Name": "PuppetEnvironment",
      "Value": "cqa"
    },
    {
      "Name": "InstanceSize",
      "Value": "t3a.xlarge"
    }
  ]
}
