{
  "StackId": "stack-xxxxxxxxxxxxxxxxx",
  "VpcId": "VPC_ID",
  "CloudFormationTemplateS3Endpoint": "s3_url",
  "TemplateParameters": [
    {
      "Key": "Namespace",
      "Value": "dm"
    },
    {
      "Key": "NlbArn",
      "Value": "arn:aws:elasticloadbalancing:us-east-1:623137734333:loadbalancer/net/dm-private-nlb/d5da5ab19d07576f"
    },
    {
      "Key": "InstanceSize",
      "Value": "t3a.large"
    },
    {
      "Key": "InstanceProfile",
      "Value": "customer_ec2_openoffice_instance_role"
    },
    {
      "Key": "EFSMount",
      "Value": "/dm/efs/mount"
    },
    {
      "Key": "NetworkPort",
      "Value": "8300"
    },
    {
      "Key": "AmiId",
      "Value": "/dm/ami/openoffice"
    },
    {
      "Key": "AppName",
      "Value": "Debt Manager"
    },
    {
      "Key": "AppId",
      "Value": "dm-us-east-1-001"
    },
    {
      "Key": "CostCenter",
      "Value": "dm-cqa"
    },
    {
      "Key": "Creator",
      "Value": "TBD"
    },
    {
      "Key": "Owner",
      "Value": "TBD"
    },
    {
      "Key": "Type",
      "Value": "CQA"
    },
    {
      "Key": "PatchGroup",
      "Value": "CQA"
    },
    {
      "Key": "PuppetEnvironment",
      "Value": "cqa"
    }
  ],
  "TimeoutInMinutes": 60
}
