{
  "StackId": "stack-xxxxxxxxxxxxxxxxx",
  "VpcId": "VPC_ID",
  "CloudFormationTemplateS3Endpoint": "s3_url",
  "TemplateParameters": [
    {
      "Key": "Namespace",
      "Value": "dm"
    },
    {
      "Key": "InstanceProfile",
      "Value": "customer-mc-ec2-instance-profile"
    },
    {
      "Key": "EFSMount",
      "Value": "/dm/efs/mount"
    },
    {
      "Key": "AmiId",
      "Value": "/dm/ami/etl"
    },
    {
      "Key": "AppName",
      "Value": "Debt Manager"
    },
    {
      "Key": "AppId",
      "Value": "dm-us-east-1-001"
    },
    {
      "Key": "CostCenter",
      "Value": "dm-cqa"
    },
    {
      "Key": "Creator",
      "Value": "TBD"
    },
    {
      "Key": "Owner",
      "Value": "TBD"
    },
    {
      "Key": "Type",
      "Value": "CQA"
    },
    {
      "Key": "PatchGroup",
      "Value": "CQA"
    },
    {
      "Key": "PuppetEnvironment",
      "Value": "cqa"
    },
    {
      "Key": "InstanceSize",
      "Value": "t3a.xlarge"
    }
  ],
  "TimeoutInMinutes": 60
}
