{
  "Name": "crs-Lambda-Functions-Lambda-VPC-Lambda-Query-namespace",
  "Description": "crs-Lambda-Functions-Lambda-VPC-Lambda-Query-namespace",
  "VpcId": "VPC_ID",
  "CloudFormationTemplateS3Endpoint": "$S3_URL",
  "TimeoutInMinutes": 60,
  "Tags": [
    {
      "Key": "Application",
      "Value": "Debt Manager"
    }
  ],
  "Parameters": [
    {
      "Name": "Namespace",
      "Value": "dm"
    },
    {
      "Name": "VPCStackName",
      "Value": "ams-application-vpc-crs-debtmanager-prd-use1"
    }
  ]
}
