{
  "Name": "crs-Lambda-Functions-Lambda-EC2-Puppet--with-namespace",
  "Description": "crs-Lambda-Functions-Lambda-EC2-Puppet--with-namespace",
  "VpcId": "VPC_ID",
  "CloudFormationTemplateS3Endpoint": "$S3_URL",
  "TimeoutInMinutes": 60,
  "Tags": [
    {
      "Key": "Application",
      "Value": "Debt Manager"
    }
  ],
  "Parameters": [
    {
      "Name": "Namespace",
      "Value": "dm"
    },
    {
      "Name": "DnsZone",
      "Value": "debtmanager.crsoftwarecloud.com"
    },
    {
      "Name": "IamRoleName",
      "Value": "customer_lambda_puppet_autoscaling_role"
    }
  ]
}
