{
  "StackId": "stack-xxxxxxxxxxxxxxxxx",
  "VpcId": "VPC_ID",
  "CloudFormationTemplateS3Endpoint": "s3_url",
  "TemplateParameters": [
    {
      "Key": "Namespace",
      "Value": "dm"
    },
    {
      "Key": "ECSServiceName",
      "Value": "file-processor"
    },
    {
      "Key": "AppId",
      "Value": "dm-us-east-1-001"
    },
    {
      "Key": "CostCenter",
      "Value": "dm-prd"
    },
    {
      "Key": "Creator",
      "Value": "TBD"
    },
    {
      "Key": "Owner",
      "Value": "TBD"
    },
    {
      "Key": "Type",
      "Value": "Production"
    },
    {
      "Key": "AppName",
      "Value": "Debt Manager"
    }
  ],
  "TimeoutInMinutes": 1080
}
