{
  "Name": "crs-ECS-Components-ECS-Fileservice-flyway-with-namespace",
  "Description": "crs-ECS-Components-ECS-Fileservice-flyway-with-namespace",
  "VpcId": "VPC_ID",
  "CloudFormationTemplateS3Endpoint": "$S3_URL",
  "TimeoutInMinutes": 120,
  "Tags": [
    {
      "Key": "Application",
      "Value": "Fileservice"
    }
  ],
  "Parameters": [
    {
      "Name": "EnvironmentName",
      "Value": "fileservice-prd"
    },
    {
      "Name": "InstanceName",
      "Value": "novus"
    },
    {
      "Name": "ALTaskCPU",
      "Value": "1024"
    },
    {
      "Name": "ALTaskMemory",
      "Value": "2048"
    },
    {
      "Name": "PrivateSubnetOne",
      "Value": "subnet-0278471dc3570f176"
    },
    {
      "Name": "PrivateSubnetTwo",
      "Value": "subnet-0f3d4321dfe6acd1e"
    },
    {
      "Name": "PrivateSubnetThree",
      "Value": "subnet-0c79ea2ba5dea99f7"
    },
    {
      "Name": "FileSystemId",
      "Value": "fs-0d35c9029ba44538f"
    },
    {
      "Name": "ImageUrl",
      "Value": "849715693141.dkr.ecr.us-east-1.amazonaws.com/filesvc-flyway-schema:CRFS-R1.0.0.77"
    },
    {
      "Name": "ExecutionRoleArn",
      "Value": "arn:aws:iam::849715693141:role/customer_ecs_fileservice_execution_role"
    },
    {
      "Name": "TaskRoleArn",
      "Value": "arn:aws:iam::849715693141:role/customer_ecs_fileservice_task_role"
    },
    {
      "Name": "DesiredCount",
      "Value": "1"
    }

  ]
}
