{
  "Name": "crs-ECS-Components-ECS-BpoCloud-Penfed-with-namespace",
  "Description": "crs-ECS-Components-ECS-BpoCloud-Penfed-with-namespace",
  "VpcId": "VPC_ID",
  "CloudFormationTemplateS3Endpoint": "$S3_URL",
  "TimeoutInMinutes": 120,
  "Tags": [
    {
      "Key": "Application",
      "Value": "BpoCloud"
    }
  ],
  "Parameters": [
    {
      "Name": "Namespace",
      "Value": "dm"
    },
    {
      "Name": "appname",
      "Value": "bpocloud"
    },
    {
      "Name": "taskcpu",
      "Value": "1024"
    },
    {
      "Name": "taskmemory",
      "Value": "2048"
    },
    {
      "Name": "executionrole",
      "Value": "customer_ecs_custom_role"
    },
    {
      "Name": "taskrole",
      "Value": "customer_ecs_custom_role"
    },
    {
      "Name": "efsid",
      "Value": "fs-0d35c9029ba44538f"
    },
    {
      "Name": "tenantname",
      "Value": "penfed"
    },
    {
      "Name": "image",
      "Value": "849715693141.dkr.ecr.us-east-1.amazonaws.com/dm-yabo:latest"
    },
    {
      "Name": "tenantdbhost",
      "Value": "db.debtmanager.crsoftwarecloud.com"
    },
    {
      "Name": "envname",
      "Value": "prd"
    },
    {
      "Name": "containermemoryreservation",
      "Value": "512"
    },
    {
      "Name": "sslenable",
      "Value": "true"
    },
    {
      "Name": "sslport",
      "Value": "8443"
    },
    {
      "Name": "sslkeyalias",
      "Value": "tomcat"
    },
    {
      "Name": "tenantdns",
      "Value": "penfed.debtmanager.crsoftwarecloud.com"
    },
    {
      "Name": "RoutingPath",
      "Value": "/bpocloud*"
    },
    {
      "Name": "listenerrulenumber",
      "Value": "18"
    }

  ]
}
