{
  "StackId": "stack-xxxxxxxxxxxxxxxxx",
  "VpcId": "VPC_ID",
  "CloudFormationTemplateS3Endpoint": "s3_url",
  "TemplateParameters": [
    {
      "Key": "EnvironmentName",
      "Value": "fileservice-prd"
    },
    {
      "Key": "InstanceName",
      "Value": "novus"
    },
    {
      "Key": "ALTaskCPU",
      "Value": "1024"
    },
    {
      "Key": "ALTaskMemory",
      "Value": "2048"
    },
    {
      "Key": "MinContainers",
      "Value": "2"
    },
    {
      "Key": "MaxContainers",
      "Value": "10"
    },
    {
      "Key": "AutoScalingTargetValue",
      "Value": "80"
    },
    {
      "Key": "PrivateSubnetOne",
      "Value": "subnet-0278471dc3570f176"
    },
    {
      "Key": "PrivateSubnetTwo",
      "Value": "subnet-0f3d4321dfe6acd1e"
    },
    {
      "Key": "PrivateSubnetThree",
      "Value": "subnet-0c79ea2ba5dea99f7"
    },
    {
      "Key": "FileSystemId",
      "Value": "fs-0d35c9029ba44538f"
    },
    {
      "Key": "ImageUrl",
      "Value": "849715693141.dkr.ecr.us-east-1.amazonaws.com/filesvc-service:CRFS-R1.0.0.77"
    },
    {
      "Key": "ExecutionRoleArn",
      "Value": "arn:aws:iam::849715693141:role/customer_ecs_fileservice_execution_role"
    },
    {
      "Key": "TaskRoleArn",
      "Value": "arn:aws:iam::849715693141:role/customer_ecs_fileservice_task_role"
    },
    {
      "Key": "DesiredCount",
      "Value": "2"
    }
  ],
  "TimeoutInMinutes": 1080
}
