{
  "StackId": "stack-xxxxxxxxxxxxxxxxx",
  "VpcId": "VPC_ID",
  "CloudFormationTemplateS3Endpoint": "s3_url",
  "TemplateParameters": [
    {
      "Key": "Namespace",
      "Value": "dm"
    },
    {
      "Key": "InstanceProfile",
      "Value": "customer_ec2_ecs_instance_role"
    },
    {
      "Key": "EFSMount",
      "Value": "/dm/efs/mount"
    },
    {
      "Key": "AmiId",
      "Value": "/dm/ami/ecs-arm"
    },
    {
      "Key": "AppName",
      "Value": "Debt Manager"
    },
    {
      "Key": "AppId",
      "Value": "dm-us-east-1-001"
    },
    {
      "Key": "CostCenter",
      "Value": "dm-prd"
    },
    {
      "Key": "Creator",
      "Value": "TBD"
    },
    {
      "Key": "Owner",
      "Value": "TBD"
    },
    {
      "Key": "Type",
      "Value": "Production"
    },
    {
      "Key": "InstanceSize",
      "Value": "c6g.2xlarge"
    },
    {
      "Key": "MinSize",
      "Value": "4"
    },
    {
      "Key": "MaxSize",
      "Value": "8"
    },
    {
      "Key": "PatchGroup",
      "Value": "PRD"
    },
    {
      "Key": "PuppetEnvironment",
      "Value": "prd"
    },
    {
      "Key": "VPCName",
      "Value": "dm"
    }
  ],
  "TimeoutInMinutes": 60
}
