{
  "Name": "crs-ECS-Components-ECS-Batch-with-namespace",
  "Description": "crs-ECS-Components-ECS-Batch-with-namespace",
  "VpcId": "VPC_ID",
  "CloudFormationTemplateS3Endpoint": "$S3_URL",
  "TimeoutInMinutes": 60,
  "Tags": [
    {
      "Key": "Application",
      "Value": "Debt Manager"
    }
  ],
  "Parameters": [
    {
      "Name": "MaxCapacity",
      "Value": "4"
    },
    {
      "Name": "MinCapacity",
      "Value": "2"
    },
    {
      "Name": "ContainerSslPort",
      "Value": "8443"
    },
    {
      "Name": "JmxPort",
      "Value": "1099"
    },
    {
      "Name": "ContainerCpu",
      "Value": "4096"
    },
    {
      "Name": "ContainerMemory",
      "Value": "7168"
    },
    {
      "Name": "JavaHeapSize",
      "Value": "6144m"
    },
    {
      "Name": "DBHostName",
      "Value": "db.debtmanager.crsoftwarecloud.com"
    },
    {
      "Name": "AmqHostName",
      "Value": "amq.debtmanager.crsoftwarecloud.com"
    },
    {
      "Name": "RoutingPath",
      "Value": "/CRSServicesWeb*"
    },
    {
      "Name": "ImageUrl",
      "Value": "849715693141.dkr.ecr.us-east-1.amazonaws.com/dm-batch-services:DM-R11.3.0.0.0.156-arm64"
    },
    {
      "Name": "Namespace",
      "Value": "dm"
    },
    {
      "Name": "AppName",
      "Value": "Batch"
    },
    {
      "Name": "AppId",
      "Value": "dm-us-east-1-001"
    },
    {
      "Name": "CostCenter",
      "Value": "dm-prd"
    },
    {
      "Name": "Creator",
      "Value": "TBD"
    },
    {
      "Name": "Owner",
      "Value": "TBD"
    },
    {
      "Name": "Type",
      "Value": "Production"
    },
    {
      "Name": "VPCName",
      "Value": "dm"
    },
    {
      "Name": "DbName",
      "Value": "/devops/cicd/dm/db/ta/dbname"
    },
    {
      "Name": "DbUser",
      "Value": "/devops/cicd/dm/db/ta/user"
    },
    {
      "Name": "DbPassword",
      "Value": "/devops/cicd/dm/db/ta/password"
    },
    {
      "Name": "TomcatCertPath",
      "Value": "/devops/cicd/dm/tomcat/keystore/path"
    },
    {
      "Name": "TomcatCertPassword",
      "Value": "/devops/cicd/dm/tomcat/keystore/password"
    }
  ]
}
