{
  "Name": "crs-ECS-Components-ECS-BpoCloud-Cluster-with-namespace",
  "Description": "crs-ECS-Components-ECS-BpoCloud-Cluster-with-namespace",
  "VpcId": "VPC_ID",
  "CloudFormationTemplateS3Endpoint": "$S3_URL",
  "TimeoutInMinutes": 120,
  "Tags": [
    {
      "Key": "Application",
      "Value": "BpoCloud"
    }
  ],
  "Parameters": [
    {
      "Name": "crsnamespace",
      "Value": "dm"
    },
    {
      "Name": "crsappname",
      "Value": "bpocloud"
    },
    {
      "Name": "crsenvironment",
      "Value": "PRD"
    }
  ]
}
