{
  "Name": "crs-ECS-Components-ECS-Cluster-with-namespace",
  "Description": "crs-ECS-Components-ECS-Cluster-with-namespace",
  "VpcId": "VPC_ID",
  "CloudFormationTemplateS3Endpoint": "$S3_URL",
  "TimeoutInMinutes": 60,
  "Tags": [
    {
      "Key": "Application",
      "Value": "Debt Manager"
    }
  ],
  "Parameters": [
    {
      "Name": "Namespace",
      "Value": "dm"
    },
    {
      "Name": "InstanceProfile",
      "Value": "customer_ec2_ecs_instance_role"
    },
    {
      "Name": "EFSMount",
      "Value": "/dm/efs/mount"
    },
    {
      "Name": "AmiId",
      "Value": "/dm/ami/ecs-arm"
    },
    {
      "Name": "AppName",
      "Value": "Debt Manager"
    },
    {
      "Name": "AppId",
      "Value": "dm-us-east-1-001"
    },
    {
      "Name": "CostCenter",
      "Value": "dm-prd"
    },
    {
      "Name": "Creator",
      "Value": "TBD"
    },
    {
      "Name": "Owner",
      "Value": "TBD"
    },
    {
      "Name": "Type",
      "Value": "Production"
    },
    {
      "Name": "InstanceSize",
      "Value": "c6g.2xlarge"
    },
    {
      "Name": "MinSize",
      "Value": "4"
    },
    {
      "Name": "MaxSize",
      "Value": "8"
    },
    {
      "Name": "PatchGroup",
      "Value": "PRD"
    },
    {
      "Name": "PuppetEnvironment",
      "Value": "prd"
    },
    {
      "Name": "VPCName",
      "Value": "dm"
    }
  ]
}
