{
  "StackId": "stack-xxxxxxxxxxxxxxxxx",
  "VpcId": "VPC_ID",
  "CloudFormationTemplateS3Endpoint": "s3_url",
  "TemplateParameters": [
    {
      "Key": "EnvironmentName",
      "Value": "fileservice-prd"
    },
    {
      "Key": "InstanceName",
      "Value": "novus"
    },
    {
      "Key": "InstanceType",
      "Value": "c5.large"
    },
    {
      "Key": "MinClusterSize",
      "Value": "2"
    },
    {
      "Key": "MaxClusterSize",
      "Value": "5"
    },
    {
      "Key": "ECSAMI",
      "Value": "/dm/ami/ecs-x86"
    },
    {
      "Key": "MetricCPUUtil",
      "Value": "80"
    },
    {
      "Key": "PrivateSubnetOne",
      "Value": "subnet-0278471dc3570f176"
    },
    {
      "Key": "PrivateSubnetTwo",
      "Value": "subnet-0f3d4321dfe6acd1e"
    },
    {
      "Key": "PrivateSubnetThree",
      "Value": "subnet-0c79ea2ba5dea99f7"
    },
    {
      "Key": "InstanceProfile",
      "Value": "customer_ec2_ecs_instance_role"
    },
    {
      "Key": "EFSMount",
      "Value": "/dm/efs/mount"
    }
  ],
  "TimeoutInMinutes": 1080
}
