{
  "StackId": "stack-xxxxxxxxxxxxxxxxx",
  "VpcId": "VPC_ID",
  "CloudFormationTemplateS3Endpoint": "s3_url",
  "TemplateParameters": [
    {
      "Key": "BucketName",
      "Value":  "crs-custom-cards-cqa-use1"
    },
    {
      "Key": "AppName",
      "Value":  "Debt Manager"
    },
    {
      "Key": "AppId",
      "Value":  "dm-us-east-1-001"
    },
    {
      "Key": "CostCenter",
      "Value":  "dm-cqa"
    },
    {
      "Key": "Creator",
      "Value":  "TBD"
    },
    {
      "Key": "Type",
      "Value":  "CQA"
    },
    {
      "Key": "Owner",
      "Value":  "TBD"
    }
  ],
  "TimeoutInMinutes": 60
}