{
    "Name": "crs-S3-Buckets-S3-FitApps-with-namespace",
    "Description": "crs-S3-Buckets-S3-FitApps-with-namespace",
    "VpcId": "VPC_ID",
    "CloudFormationTemplateS3Endpoint": "$S3_URL",
    "TimeoutInMinutes": 120,
    "Tags": [
        {
            "Key":   "Application",
            "Value": "Debt Manager"
        }
    ],
    "Parameters": [
      {
        "Name": "Namespace",
        "Value":  "dm"
      },
      {
        "Name": "BucketName",
        "Value":  "dm-cqa-fitapps"
      },
      {
        "Name": "AppName",
        "Value":  "Debt Manager"
      },
      {
        "Name": "AppId",
        "Value":  "dm-us-east-1-001"
      },
      {
        "Name": "CostCenter",
        "Value":  " dm-cqa"
      },
      {
        "Name": "Creator",
        "Value":  "TBD"
      },
      {
        "Name": "Owner",
        "Value":  "TBD"
      },
      {
        "Name": "Type",
        "Value":  "CQA"
      }
    ]
  }
