{
    "Name": "crs-S3-Bucket-Fileservice-with-namespace",
    "Description": "crs-S3-Bucket-Fileservice-with-namespace",
    "VpcId": "VPC_ID",
    "CloudFormationTemplateS3Endpoint": "$S3_URL",
    "TimeoutInMinutes": 120,
    "Tags": [
      {
        "Key":   "Application",
        "Value": "Fileservice"
      }
    ],
    "Parameters": [
        {
          "Name": "BucketName",
          "Value": "crs-fileservice-cqa-transfer"
        },
        {
          "Name": "EnvironmentName",
          "Value": "fileservice-cqa"
        },
        {
          "Name": "InstanceName",
          "Value": "novus"
        }
      ]
  }
