{
    "Name": "crs-S3-Bucket-SFTP-with-namespace",
    "Description": "crs-S3-Bucket-SFTP-with-namespace",
    "VpcId": "VPC_ID",
    "CloudFormationTemplateS3Endpoint": "$S3_URL",
    "TimeoutInMinutes": 120,
    "Tags": [
      {
        "Key":   "Application",
        "Value": "DebtManager"
      }
    ],
    "Parameters": [
        {
          "Name": "BucketName",
          "Value": "crs-fileservice-cqa-transfer"
        },
        {
          "Name": "AppName",
          "Value": "Debt Manager"
        },
        {
          "Name": "AppId",
          "Value": "dm-us-east-1-001"
        },
        {
          "Name": "CostCenter",
          "Value": "dm-cqa"
        },
        {
          "Name": "Creator",
          "Value": "TBD"
        },
        {
          "Name": "Owner",
          "Value": "TBD"
        },
        {
          "Name": "Type",
          "Value": "CQA"
        }
      ]
  }
