{
  "Name": "customer-crs-new-tenant-cqa1gcservices-load-balancers-with-namespace",
  "Description": "customer-crs-new-tenant-cqa1gcservices-load-balancers-with-namespace",
  "VpcId": "vpc-094477962dde058a5",
  "CloudFormationTemplateS3Endpoint": "$S3_URL",
  "TimeoutInMinutes": 60,
  "Tags": [
    {
      "Key": "Application",
      "Value": "Debt Manager"
    }
  ],
  "Parameters": [
    {
      "Name": "Namespace",
      "Value": "dm"
    },
    {
      "Name": "AlbNamespace",
      "Value": "dm"
    },
    {
      "Name": "HostedZoneId",
      "Value": "Z036901833UAPGNBBJ038"
    },
    {
      "Name": "TenantName",
      "Value": "cqa1gcservices"
    },
    {
      "Name": "RootDnsName",
      "Value": "cqa.debtmanager.crsoftwarecloud.com"
    },
    {
      "Name": "TenantPublicSslArn",
      "Value": "arn:aws:acm:us-east-1:623137734333:certificate/43637d35-5d9d-455b-917b-3795235c4bca"
    },
    {
      "Name": "IPWhitelist",
      "Value": "207.247.120.162/32"
    },
    {
      "Name": "WebAclAction",
      "Value": "BLOCK"
    },
    {
      "Name": "NlbArn",
      "Value": "arn:aws:elasticloadbalancing:us-east-1:623137734333:loadbalancer/net/dm-private-nlb/d5da5ab19d07576f"
    },
    {
      "Name": "ETLNetworkPort",
      "Value": "5008"
    },
    {
      "Name": "SSRSNetworkPort",
      "Value": "8450"
    },
    {
      "Name": "ListenerPriority",
      "Value": "19"
    },
    {
      "Name": "OriginReadTimeout",
      "Value": "180"
    },
    {
      "Name": "LambdaVersionNumber",
      "Value": "6"
    },
    {
      "Name": "AppName",
      "Value": "debtmanager-1"
    },
    {
      "Name": "AppId",
      "Value": "dm-us-east-1-001"
    },
    {
      "Name": "CostCenter",
      "Value": "dm-cqa"
    },
    {
      "Name": "Creator",
      "Value": "TBD"
    },
    {
      "Name": "Owner",
      "Value": "TBD"
    },
    {
      "Name": "Type",
      "Value": "CQA"
    }
  ]
}
