{
  "StackId": "stack-xxxxxxxxxxxxxxxxx",
  "VpcId": "VPC_ID",
  "CloudFormationTemplateS3Endpoint": "s3_url",
  "TemplateParameters": [
    {
      "Key": "Namespace",
      "Value": "dm"
    },
    {
      "Key": "DbUserName",
      "Value": "crsmaster"
    },
    {
      "Key": "MonitoringRoleName",
      "Value": "customer_rds_monitoring_role"
    },
    {
      "Key": "PrimaryDbInstanceSize",
      "Value": "db.r6g.2xlarge"
    },
    {
      "Key": "SecondaryDbInstanceSize",
      "Value": "db.r6g.2xlarge"
    },
    {
      "Key": "AppName",
      "Value": "Debt Manager"
    },
    {
      "Key": "AppId",
      "Value": "dm-us-east-1-001"
    },
    {
      "Key": "CostCenter",
      "Value": "dm-rc1"
    },
    {
      "Key": "Creator",
      "Value": "TBD"
    },
    {
      "Key": "Owner",
      "Value": "TBD"
    },
    {
      "Key": "Type",
      "Value": "CQA"
    }
  ],
  "TimeoutInMinutes": 1080
}
