[
    {
        "ParameterKey": "Namespace",
        "ParameterValue": "dm"
    },
    {
        "ParameterKey": "AppName",
        "ParameterValue": "dm"
    },
    {
        "ParameterKey": "AppId",
        "ParameterValue": "dm-us-east-1-001"
    },
    {
        "ParameterKey": "CostCenter",
        "ParameterValue": "dm-prd"
    },
    {
        "ParameterKey": "Creator",
        "ParameterValue": "TBD"
    },
    {
        "ParameterKey": "Owner",
        "ParameterValue": "TBD"
    },
    {
        "ParameterKey": "Type",
        "ParameterValue": "Production"
    },
    {
        "ParameterKey": "VpcId",
        "ParameterValue": "vpc-0ef94a5702a9dc80e"
    },
    {
        "ParameterKey": "VpcCidr",
        "ParameterValue": "10.100.12.0/22"
    }
]
