{
  "Name": "crs-Database-Components-RDS-Cluster-Primary-with-namespace",
  "Description": "crs-Database-Components-RDS-Cluster-Primary-with-namespace",
  "VpcId": "VPC_ID",
  "CloudFormationTemplateS3Endpoint": "$S3_URL",
  "TimeoutInMinutes": 120,
  "Tags": [
    {
      "Key": "Application",
      "Value": "Debt Manager"
    }
  ],
  "Parameters": [
    {
      "Name": "Namespace",
      "Value": "dm"
    },
    {
      "Name": "DbUserName",
      "Value": "crsmaster"
    },
    {
      "Name": "MonitoringRoleName",
      "Value": "customer_rds_monitoring_role"
    },
    {
      "Name": "PrimaryDbInstanceSize",
      "Value": "db.r6g.2xlarge"
    },
    {
      "Name": "SecondaryDbInstanceSize",
      "Value": "db.r6g.2xlarge"
    },
    {
      "Name": "AppName",
      "Value": "Debt Manager"
    },
    {
      "Name": "AppId",
      "Value": "dm-us-east-1-001"
    },
    {
      "Name": "CostCenter",
      "Value": "dm-prd"
    },
    {
      "Name": "Creator",
      "Value": "TBD"
    },
    {
      "Name": "Owner",
      "Value": "TBD"
    },
    {
      "Name": "Type",
      "Value": "Production"
    }
  ]
}
