{
  "StackId": "stack-xxxxxxxxxxxxxxxxx",
  "VpcId": "vpc-0f030dd9e1d1d38e1",
  "CloudFormationTemplateS3Endpoint": "s3_url",
  "TemplateParameters": [
    {
      "Key": "Namespace",
      "Value": "dm"
    },
    {
      "Key": "AlbNamespace",
      "Value": "dm"
    },
    {
      "Key": "HostedZoneId",
      "Value": "Z036901833UAPGNBBJ038"
    },
    {
      "Key": "TenantName",
      "Value": "cqa2citizens"
    },
    {
      "Key": "RootDnsName",
      "Value": "cqa.debtmanager.crsoftwarecloud.com"
    },
    {
      "Key": "TenantPublicSslArn",
      "Value": "arn:aws:acm:us-east-1:623137734333:certificate/792e59ec-2fcb-4237-b694-9a45a10acb86"
    },
    {
      "Key": "IPWhitelist",
      "Value": "3.12.96.168/32"
    },
    {
      "Key": "WebAclAction",
      "Value": "ALLOW"
    },
    {
      "Key": "NlbArn",
      "Value": "arn:aws:elasticloadbalancing:us-east-1:623137734333:loadbalancer/net/dm-private-nlb/d5da5ab19d07576f"
    },
    {
      "Key": "ETLNetworkPort",
      "Value": "5005"
    },
    {
      "Key": "SSRSNetworkPort",
      "Value": "8447"
    },
    {
      "Key": "ListenerPriority",
      "Value": "18"
    },
    {
      "Key": "OriginReadTimeout",
      "Value": "180"
    },
    {
      "Key": "LambdaVersionNumber",
      "Value": "6"
    },
    {
      "Key": "AppName",
      "Value": "debtmanager-1"
    },
    {
      "Key": "AppId",
      "Value": "dm-us-east-1-001"
    },
    {
      "Key": "CostCenter",
      "Value": "dm-cqa"
    },
    {
      "Key": "Creator",
      "Value": "TBD"
    },
    {
      "Key": "Owner",
      "Value": "TBD"
    },
    {
      "Key": "Type",
      "Value": "CQA"
    }
  ],
  "TimeoutInMinutes": 60
}
