{
  "Name": "crs-Lambda-Functions-Lambda-CloudFront-DefaultDoc-namespace",
  "Description": "crs-Lambda-Functions-Lambda-CloudFront-DefaultDoc-namespace",
  "VpcId": "VPC_ID",
  "CloudFormationTemplateS3Endpoint": "$S3_URL",
  "TimeoutInMinutes": 60,
  "Tags": [
    {
      "Key": "Application",
      "Value": "Debt Manager"
    }
  ],
  "Parameters": [
    {
      "Name": "Namespace",
      "Value": "dm"
    },
    {
      "Name": "IamRoleName",
      "Value": "customer_lambda_cloudfront_defaultdoc_role"
    }
  ]
}
