{
  "StackId": "stack-xxxxxxxxxxxxxxxxx",
  "VpcId": "VPC_ID",
  "CloudFormationTemplateS3Endpoint": "s3_url",
  "TemplateParameters": [
    {
      "Key": "AmiId",
      "Value": "ami-07d9d0ba7a980b0cd"
    },
    {
      "Key": "InstanceType",
      "Value": "c5.2xlarge"
    },
    {
      "Key": "InstanceProfile",
      "Value": "customer_ec2_migrations_role"
    },
    {
      "Key": "Namespace",
      "Value": "dm"
    },
    {
      "Key": "AppName",
      "Value": "Debt Manager"
    },
    {
      "Key": "AppId",
      "Value": "dm-us-east-1-001"
    },
    {
      "Key": "CostCenter",
      "Value": "dm-cqa"
    },
    {
      "Key": "Creator",
      "Value": "TBD"
    },
    {
      "Key": "Owner",
      "Value": "TBD"
    },
    {
      "Key": "Type",
      "Value": "CQA"
    },
    {
      "Key": "PatchGroup",
      "Value": "CQA"
    }
  ],
  "TimeoutInMinutes": 60
}
