{
  "Name": "crs-EC2-Migrations-ETL-with-namespace",
  "Description": "crs-EC2-Migrations-ETL-with-namespace",
  "VpcId": "VPC_ID",
  "CloudFormationTemplateS3Endpoint": "$S3_URL",
  "TimeoutInMinutes": 60,
  "Tags": [
    {
      "Key": "Application",
      "Value": "Debt Manager"
    }
  ],
  "Parameters": [
    {
      "Name": "AmiId",
      "Value": "ami-03c11eeb11125d5b3"
    },
    {
      "Name": "InstanceType",
      "Value": "t3a.2xlarge"
    },
    {
      "Name": "InstanceProfile",
      "Value": "customer_ec2_migrations_role"
    },
    {
      "Name": "EFSFileShareId",
      "Value": "fs-0fb45effbaa3e3706"
    },
    {
      "Name": "Namespace",
      "Value": "dm"
    },
    {
      "Name": "AppName",
      "Value": "Debt Manager"
    },
    {
      "Name": "AppId",
      "Value": "dm-us-east-1-001"
    },
    {
      "Name": "CostCenter",
      "Value": "dm-cqa"
    },
    {
      "Name": "Creator",
      "Value": "TBD"
    },
    {
      "Name": "Owner",
      "Value": "TBD"
    },
    {
      "Name": "Type",
      "Value": "CQA"
    },
    {
      "Name": "PatchGroup",
      "Value": "CQA"
    }
  ]
}
